time,spir,snimac1,setpoint,vent
0,0,0,0,6
0.0999999999999943,0,0.009765625,0,6
0.200000000000017,0,-0.009765625,0,6
0.300000000000011,0,-0.048828125,0,6
0.400000000000006,0,-0.0341796875,0,6
0.5,0,-0.009765625,0,6
0.599999999999994,0,-0.009765625,0,6
0.700000000000017,0,-0.01953125,0,6
0.800000000000011,0,-0.0048828125,0,6
0.900000000000006,0,-0.0634765625,0,6
1,0,-0.029296875,0,6
1.09999999999999,0,-0.0390625,0,6
1.20000000000002,0,-0.0439453125,0,6
1.30000000000001,0,-0.0341796875,0,6
1.40000000000001,0,-0.029296875,0,6
1.5,0,-0.05859375,0,6
1.59999999999999,0,-0.009765625,0,6
1.70000000000002,0,-0.029296875,0,6
1.80000000000001,0,-0.048828125,0,6
1.90000000000001,0,-0.029296875,0,6
2,0,-0.029296875,0,6
2.09999999999999,0,-0.078125,0,6
2.20000000000002,0,-0.0341796875,0,6
2.30000000000001,0,-0.048828125,0,6
2.40000000000001,0,-0.0244140625,0,6
2.5,0,-0.029296875,0,6
2.59999999999999,0,-0.0634765625,0,6
2.70000000000002,0,-0.0390625,0,6
2.80000000000001,0,-0.0048828125,0,6
2.90000000000001,0,-0.009765625,0,6
3,0,-0.01953125,0,6
3.09999999999999,0,-0.05859375,0,6
3.20000000000002,0,-0.0341796875,0,6
3.30000000000001,0,-0.0146484375,0,6
3.40000000000001,0,-0.0146484375,0,6
3.5,0,-0.0341796875,0,6
3.59999999999999,0,-0.0390625,0,6
3.70000000000002,0,-0.0341796875,0,6
3.80000000000001,0,-0.048828125,0,6
3.90000000000001,0,-0.0439453125,0,6
4,0,-0.0146484375,0,6
4.09999999999999,0,-0.0439453125,0,6
4.20000000000002,0,-0.029296875,0,6
4.30000000000001,0,-0.0390625,0,6
4.40000000000001,0,-0.009765625,0,6
4.5,0,0,0,6
4.59999999999999,0,-0.0048828125,0,6
4.70000000000002,0,-0.0244140625,0,6
4.80000000000001,0,-0.05859375,0,6
4.90000000000001,0,-0.009765625,0,6
5,0,0,0,6
5.09999999999999,0,-0.029296875,0,6
5.20000000000002,0,-0.029296875,0,6
5.30000000000001,0,-0.0244140625,0,6
5.40000000000001,0,-0.0390625,0,6
5.5,0,-0.0439453125,0,6
5.59999999999999,0,-0.0244140625,0,6
5.70000000000002,0,0.009765625,0,6
5.80000000000001,0,0.009765625,0,6
5.90000000000001,0,-0.05859375,0,6
6,0,-0.0244140625,0,6
6.09999999999999,0,-0.0634765625,0,6
6.20000000000002,0,-0.0390625,0,6
6.30000000000001,0,-0.0341796875,0,6
6.40000000000001,0,-0.048828125,0,6
6.5,0,-0.05859375,0,6
6.59999999999999,0,-0.0244140625,0,6
6.70000000000002,0,-0.01953125,0,6
6.80000000000001,0,-0.0390625,0,6
6.90000000000001,0,-0.05859375,0,6
7,0,-0.048828125,0,6
7.09999999999999,0,-0.0048828125,0,6
7.20000000000002,0,-0.009765625,0,6
7.30000000000001,0,-0.0146484375,0,6
7.40000000000001,0,-0.009765625,0,6
7.5,0,-0.068359375,0,6
7.59999999999999,0,-0.0634765625,0,6
7.70000000000002,0,0.0146484375,0,6
7.80000000000001,0,0,0,6
7.90000000000001,0,-0.0146484375,0,6
8,0,-0.0634765625,0,6
8.09999999999999,0,-0.0341796875,0,6
8.20000000000002,0,-0.029296875,0,6
8.30000000000001,0,-0.029296875,0,6
8.40000000000001,0,0,0,6
8.5,0,-0.0244140625,0,6
8.59999999999999,0,-0.01953125,0,6
8.70000000000002,0,-0.0537109375,0,6
8.80000000000001,0,-0.0341796875,0,6
8.90000000000001,0,0,0,6
9,0,-0.01953125,0,6
9.09999999999999,0,-0.0732421875,0,6
9.20000000000002,0,-0.0341796875,0,6
9.30000000000001,0,-0.0439453125,0,6
9.40000000000001,0,-0.0244140625,0,6
9.5,0,-0.009765625,0,6
9.59999999999999,0,-0.0341796875,0,6
9.70000000000002,0,-0.0390625,0,6
9.80000000000001,0,-0.048828125,0,6
9.90000000000001,0,-0.0244140625,0,6
10,0,0,0.9,6
10.1,3.55301015625,-0.0439453125,0.9,6
10.2,3.72669609375,-0.0439453125,0.9,6
10.3,3.71659296875,0.0048828125,0.9,6
10.4,3.8996734375,0,0.9,6
10.5,4.08365234375,-0.0048828125,0.9,6
10.6,4.28690859375,-0.0146484375,0.9,6
10.7,4.41844609375,-0.0048828125,0.9,6
10.8,4.49305,0.01953125,0.9,6
10.9,4.67343515625,0.0146484375,0.9,6
11,4.8914765625,0,0.9,6
11.1,4.96518203125,0.0244140625,0.9,6
11.2,5.071153125,0.0390625,0.9,6
11.3,5.24794453125,0.0341796875,0.9,6
11.4,5.26022421875,0.0732421875,0.9,6
11.5,5.5042421875,0.048828125,0.9,6
11.6,5.53220546875,0.0830078125,0.9,6
11.7,5.71928984375,0.0732421875,0.9,6
11.8,5.79789765625,0.0927734375,0.9,6
11.9,5.817775,0.126953125,0.9,6
12,5.97839453125,0.1220703125,0.9,6
12.1,6,0.146484375,0.9,6
12.2,6,0.146484375,0.9,6
12.3,6,0.17578125,0.9,6
12.4,6,0.1611328125,0.9,6
12.5,6,0.17578125,0.9,6
12.6,6,0.1806640625,0.9,6
12.7,6,0.185546875,0.9,6
12.8,6,0.2099609375,0.9,6
12.9,6,0.2490234375,0.9,6
13,6,0.224609375,0.9,6
13.1,6,0.2587890625,0.9,6
13.2,6,0.2685546875,0.9,6
13.3,6,0.2392578125,0.9,6
13.4,6,0.29296875,0.9,6
13.5,6,0.2978515625,0.9,6
13.6,6,0.322265625,0.9,6
13.7,6,0.33203125,0.9,6
13.8,6,0.33203125,0.9,6
13.9,6,0.3662109375,0.9,6
14,6,0.3857421875,0.9,6
14.1,6,0.390625,0.9,6
14.2,6,0.3955078125,0.9,6
14.3,6,0.390625,0.9,6
14.4,6,0.400390625,0.9,6
14.5,6,0.44921875,0.9,6
14.6,6,0.458984375,0.9,6
14.7,6,0.4541015625,0.9,6
14.8,6,0.44921875,0.9,6
14.9,6,0.44921875,0.9,6
15,6,0.48828125,0.9,6
15.1,6,0.5029296875,0.9,6
15.2,6,0.48828125,0.9,6
15.3,6,0.4931640625,0.9,6
15.4,6,0.498046875,0.9,6
15.5,6,0.546875,0.9,6
15.6,6,0.5517578125,0.9,6
15.7,6,0.546875,0.9,6
15.8,6,0.5859375,0.9,6
15.9,6,0.595703125,0.9,6
16,6,0.615234375,0.9,6
16.1,6,0.5810546875,0.9,6
16.2,6,0.615234375,0.9,6
16.3,6,0.6298828125,0.9,6
16.4,6,0.6396484375,0.9,6
16.5,6,0.64453125,0.9,6
16.6,6,0.6494140625,0.9,6
16.7,6,0.6640625,0.9,6
16.8,6,0.654296875,0.9,6
16.9,6,0.6591796875,0.9,6
17,6,0.654296875,0.9,6
17.1,6,0.654296875,0.9,6
17.2,6,0.6689453125,0.9,6
17.3,6,0.6884765625,0.9,6
17.4,6,0.712890625,0.9,6
17.5,6,0.7177734375,0.9,6
17.6,6,0.732421875,0.9,6
17.7,6,0.7177734375,0.9,6
17.8,6,0.7373046875,0.9,6
17.9,6,0.7470703125,0.9,6
18,6,0.7373046875,0.9,6
18.1,6,0.7568359375,0.9,6
18.2,6,0.7666015625,0.9,6
18.3,6,0.76171875,0.9,6
18.4,6,0.7861328125,0.9,6
18.5,6,0.771484375,0.9,6
18.6,6,0.7763671875,0.9,6
18.7,6,0.7861328125,0.9,6
18.8,6,0.7666015625,0.9,6
18.9,6,0.771484375,0.9,6
19,6,0.8251953125,0.9,6
19.1,6,0.8154296875,0.9,6
19.2,6,0.791015625,0.9,6
19.3,6,0.830078125,0.9,6
19.4,6,0.8251953125,0.9,6
19.5,6,0.859375,0.9,6
19.6,6,0.8447265625,0.9,6
19.7,6,0.849609375,0.9,6
19.8,6,0.849609375,0.9,6
19.9,6,0.859375,0.9,6
20,6,0.8349609375,0.9,6
20.1,6,0.8349609375,0.9,6
20.2,6,0.8447265625,0.9,6
20.3,6,0.87890625,0.9,6
20.4,6,0.87890625,0.9,6
20.5,6,0.8837890625,0.9,6
20.6,6,0.859375,0.9,6
20.7,6,0.8984375,0.9,6
20.8,6,0.87890625,0.9,6
20.9,6,0.888671875,0.9,6
21,6,0.8984375,0.9,6
21.1,6,0.888671875,0.9,6
21.2,6,0.8935546875,0.9,6
21.3,6,0.91796875,0.9,6
21.4,6,0.91796875,0.9,6
21.5,6,0.8935546875,0.9,6
21.6,6,0.9130859375,0.9,6
21.7,6,0.95703125,0.9,6
21.8,6,0.9521484375,0.9,6
21.9,6,0.9423828125,0.9,6
22,6,0.9912109375,0.9,6
22.1,6,0.9375,0.9,6
22.2,6,0.908203125,0.9,6
22.3,6,0.927734375,0.9,6
22.4,6,0.9619140625,0.9,6
22.5,6,0.947265625,0.9,6
22.6,6,0.9716796875,0.9,6
22.7,6,0.9765625,0.9,6
22.8,6,0.8984375,0.9,6
22.9,6,0.9814453125,0.9,6
23,6,0.99609375,0.9,6
23.1,6,0.95703125,0.9,6
23.2,6,1.0107421875,0.9,6
23.3,6,1.0009765625,0.9,6
23.4,6,0.9765625,0.9,6
23.5,6,0.9326171875,0.9,6
23.6,6,0.99609375,0.9,6
23.7,6,0.986328125,0.9,6
23.8,6,0.9619140625,0.9,6
23.9,6,0.9423828125,0.9,6
24,6,0.9423828125,0.9,6
24.1,6,1.015625,0.9,6
24.2,6,1.005859375,0.9,6
24.3,6,1.005859375,0.9,6
24.4,6,0.966796875,0.9,6
24.5,6,1.015625,0.9,6
24.6,6,1.044921875,0.9,6
24.7,6,1.0302734375,0.9,6
24.8,6,1.044921875,0.9,6
24.9,6,1.0498046875,0.9,6
25,6,1.0205078125,0.9,6
25.1,6,1.025390625,0.9,6
25.2,6,1.0498046875,0.9,6
25.3,6,1.0498046875,0.9,6
25.4,6,1.0498046875,0.9,6
25.5,6,1.03515625,0.9,6
25.6,6,1.0595703125,0.9,6
25.7,6,0.9912109375,0.9,6
25.8,6,1.0400390625,0.9,6
25.9,6,1.044921875,0.9,6
26,6,1.0107421875,0.9,6
26.1,6,1.044921875,0.9,6
26.2,6,1.0498046875,0.9,6
26.3,6,1.005859375,0.9,6
26.4,6,1.0546875,0.9,6
26.5,6,1.064453125,0.9,6
26.6,6,1.03515625,0.9,6
26.7,6,1.0498046875,0.9,6
26.8,6,1.064453125,0.9,6
26.9,6,1.07421875,0.9,6
27,6,1.0546875,0.9,6
27.1,6,1.0693359375,0.9,6
27.2,6,1.083984375,0.9,6
27.3,6,1.07421875,0.9,6
27.4,6,1.0888671875,0.9,6
27.5,6,1.0791015625,0.9,6
27.6,6,1.07421875,0.9,6
27.7,6,1.0400390625,0.9,6
27.8,6,1.064453125,0.9,6
27.9,6,1.0546875,0.9,6
28,6,1.083984375,0.9,6
28.1,6,1.103515625,0.9,6
28.2,6,1.0888671875,0.9,6
28.3,6,1.0595703125,0.9,6
28.4,6,1.1083984375,0.9,6
28.5,6,1.0791015625,0.9,6
28.6,6,1.0546875,0.9,6
28.7,6,1.064453125,0.9,6
28.8,6,1.0498046875,0.9,6
28.9,6,1.064453125,0.9,6
29,6,1.064453125,0.9,6
29.1,6,1.07421875,0.9,6
29.2,5.87891874999996,1.103515625,0.9,6
29.3,5.95174531249996,1.07421875,0.9,6
29.4,5.95644687499996,1.064453125,0.9,6
29.5,5.98132421874996,1.0498046875,0.9,6
29.6,5.71483437499996,1.11328125,0.9,6
29.7,5.78586406249996,1.083984375,0.9,6
29.8,5.67849531249996,1.103515625,0.9,6
29.9,5.58591171874996,1.1181640625,0.9,6
30,5.56414843749996,1.11328125,0.9,6
30.1,5.59842031249996,1.09375,0.9,6
30.2,5.43411796874996,1.1279296875,0.9,6
30.3,5.52083124999995,1.09375,0.9,6
30.4,5.46680234374995,1.0986328125,0.9,6
30.5,5.48539062499995,1.083984375,0.9,6
30.6,5.26774843749995,1.1328125,0.9,6
30.7,5.26166874999996,1.123046875,0.9,6
30.8,5.36765937499995,1.083984375,0.9,6
30.9,5.29704843749995,1.09375,0.9,6
31,5.27977734374995,1.0888671875,0.9,6
31.1,5.28178359374995,1.0791015625,0.9,6
31.2,5.10179765624995,1.1181640625,0.9,6
31.3,5.02489765624995,1.1279296875,0.9,6
31.4,5.07485312499995,1.103515625,0.9,6
31.5,4.94551171874995,1.1279296875,0.9,6
31.6,5.01384609374995,1.0986328125,0.9,6
31.7,4.97729765624995,1.0986328125,0.9,6
31.8,4.92237031249995,1.103515625,0.9,6
31.9,4.94006015624995,1.0888671875,0.9,6
32,4.90530859374995,1.0888671875,0.9,6
32.1,4.70514687499995,1.1328125,0.9,6
32.2,4.68068828124995,1.1279296875,0.9,6
32.3,4.74902265624995,1.0986328125,0.9,6
32.4,4.65733749999995,1.11328125,0.9,6
32.5,4.74674609374995,1.0791015625,0.9,6
32.6,4.53000234374995,1.1279296875,0.9,6
32.7,4.65347343749995,1.083984375,0.9,6
32.8,4.49096796874995,1.1181640625,0.9,6
32.9,4.39568906249995,1.1328125,0.9,6
33,4.38960937499995,1.123046875,0.9,6
33.1,4.38532656249995,1.11328125,0.9,6
33.2,4.32770390624995,1.1181640625,0.9,6
33.3,4.23242499999995,1.1328125,0.9,6
33.4,4.33661874999995,1.09375,0.9,6
33.5,4.15393749999995,1.1328125,0.9,6
33.6,4.23975234374995,1.0986328125,0.9,6
33.7,4.16644609374995,1.1083984375,0.9,6
33.8,4.10972187499994,1.11328125,0.9,6
33.9,4.03372031249995,1.123046875,0.9,6
34,4.02943749999995,1.11328125,0.9,6
34.1,3.91667812499995,1.1328125,0.9,6
34.2,3.96573515624994,1.1083984375,0.9,6
34.3,3.78035859374994,1.1474609375,0.9,6
34.4,3.75320468749994,1.142578125,0.9,6
34.5,3.67181249999994,1.15234375,0.9,6
34.6,3.79079140624994,1.1083984375,0.9,6
34.7,3.75244609374994,1.1083984375,0.9,6
34.8,3.67734296874994,1.1181640625,0.9,6
34.9,3.52692734374994,1.1474609375,0.9,6
35,3.55491015624994,1.1279296875,0.9,6
35.1,3.36593984374994,1.1669921875,0.9,6
35.2,3.51898124999994,1.11328125,0.9,6
35.3,3.47973749999994,1.11328125,0.9,6
35.4,3.40373593749994,1.123046875,0.9,6
35.5,3.38107421874994,1.1181640625,0.9,6
35.6,3.28579531249994,1.1328125,0.9,6
35.7,3.11430546874994,1.1669921875,0.9,6
35.8,3.21221015624994,1.1279296875,0.9,6
35.9,3.02323984374994,1.1669921875,0.9,6
36,3.06600781249994,1.142578125,0.9,6
36.1,3.05813124999994,1.1328125,0.9,6
36.2,2.97853593749994,1.142578125,0.9,6
36.3,2.86038593749994,1.162109375,0.9,6
36.4,2.77539999999994,1.171875,0.9,6
36.5,2.76213281249994,1.162109375,0.9,6
36.6,2.75066249999994,1.15234375,0.9,6
36.7,2.72261015624994,1.1474609375,0.9,6
36.8,2.60356171874994,1.1669921875,0.9,6
36.9,2.55443515624994,1.1669921875,0.9,6
37,2.50530859374994,1.1669921875,0.9,6
37.1,2.56645546874994,1.1376953125,0.9,6
37.2,2.44920390624994,1.1572265625,0.9,6
37.3,2.47538984374994,1.1376953125,0.9,6
37.4,2.28462265624994,1.1767578125,0.9,6
37.5,2.23369921874994,1.1767578125,0.9,6
37.6,2.40332265624994,1.1181640625,0.9,6
37.7,2.27128593749994,1.142578125,0.9,6
37.8,2.18989374999994,1.15234375,0.9,6
37.9,2.19859921874994,1.1376953125,0.9,6
38,2.04458984374994,1.1669921875,0.9,6
38.1,2.01384218749994,1.162109375,0.9,6
38.2,1.96561406249994,1.162109375,0.9,6
38.3,1.97252265624994,1.1474609375,0.9,6
38.4,1.87185312499994,1.162109375,0.9,6
38.5,1.87876171874994,1.1474609375,0.9,6
38.6,1.77809218749994,1.162109375,0.9,6
38.7,1.72986406249994,1.162109375,0.9,6
38.8,1.81028828124994,1.1279296875,0.9,6
38.9,1.69483359374994,1.1474609375,0.9,6
39,1.59416406249994,1.162109375,0.9,6
39.1,1.63783046874994,1.1376953125,0.9,6
39.2,1.53895781249994,1.15234375,0.9,6
39.3,1.45576874999994,1.162109375,0.9,6
39.4,1.49943515624994,1.1376953125,0.9,6
39.5,1.41894140624994,1.1474609375,0.9,6
39.6,1.39178749999994,1.142578125,0.9,6
39.7,1.40228984374994,1.1279296875,0.9,6
39.8,1.26845624999994,1.15234375,0.9,6
39.9,1.46095078124994,1.0888671875,0.9,6
40,1.13213671874994,1.1669921875,0.9,6
40.1,1.17490468749994,1.142578125,0.9,6
40.2,1.07513359374994,1.1572265625,0.9,6
40.3,1.04618281249994,1.15234375,0.9,6
40.4,1.03650937499994,1.142578125,0.9,6
40.5,0.955117187499945,1.15234375,0.9,6
40.6,1.03733828124994,1.1181640625,0.9,6
40.7,0.905301562499945,1.142578125,0.9,6
40.8,0.934182812499945,1.123046875,0.9,6
40.9,0.985036718749945,1.0986328125,0.9,6
41,0.966867187499945,1.09375,0.9,6
41.1,0.912838281249945,1.0986328125,0.9,6
41.2,0.839532031249944,1.1083984375,0.9,6
41.3,0.819565624999944,1.103515625,0.9,6
41.4,0.892392187499945,1.07421875,0.9,6
41.5,0.897093749999945,1.064453125,0.9,6
41.6,0.866834374999944,1.064453125,0.9,6
41.7,0.799817187499944,1.07421875,0.9,6
41.8,0.767760937499944,1.07421875,0.9,6
41.9,0.754083593749944,1.0693359375,0.9,6
42,0.851578124999944,1.03515625,0.9,6
42.1,0.918603906249944,1.0107421875,0.9,6
42.2,0.751196093749944,1.0498046875,0.9,6
42.3,0.852284374999944,1.015625,0.9,6
42.4,0.739114843749944,1.0400390625,0.9,6
42.5,0.731726562499944,1.03515625,0.9,6
42.6,0.817131249999944,1.005859375,0.9,6
42.7,0.724137499999943,1.025390625,0.9,6
42.8,0.792960156249944,1.0009765625,0.9,6
42.9,0.792759374999943,0.99609375,0.9,6
43,0.922109374999943,0.95703125,0.9,6
43.1,0.929994531249943,0.9521484375,0.9,6
43.2,1.01229374999994,0.927734375,0.9,6
43.3,0.860159374999943,0.966796875,0.9,6
43.4,0.903005468749943,0.9521484375,0.9,6
43.5,0.856652343749943,0.9619140625,0.9,6
43.6,0.845260156249943,0.9619140625,0.9,6
43.7,1.09117265624994,0.8935546875,0.9,6
43.8,1.03722187499994,0.908203125,0.9,6
43.9,0.925439062499943,0.9375,0.9,6
44,1.02881249999994,0.908203125,0.9,6
44.1,0.935408593749942,0.9326171875,0.9,6
44.2,1.03968046874994,0.9033203125,0.9,6
44.3,1.09420624999994,0.888671875,0.9,6
44.4,1.00439609374994,0.9130859375,0.9,6
44.5,0.983609374999943,0.91796875,0.9,6
44.6,0.998682031249943,0.9130859375,0.9,6
44.7,1.08816874999994,0.888671875,0.9,6
44.8,1.20052656249994,0.859375,0.9,6
44.9,1.04259140624994,0.9033203125,0.9,6
45,1.22576953124994,0.8544921875,0.9,6
45.1,1.27090078124994,0.8447265625,0.9,6
45.2,1.31782890624994,0.8349609375,0.9,6
45.3,1.21952265624994,0.8642578125,0.9,6
45.4,1.29961484374994,0.8447265625,0.9,6
45.5,1.40167968749994,0.8203125,0.9,6
45.6,1.26931093749994,0.859375,0.9,6
45.7,1.38705937499994,0.830078125,0.9,6
45.8,1.30803046874994,0.8544921875,0.9,6
45.9,1.33478281249994,0.849609375,0.9,6
46,1.36243359374994,0.8447265625,0.9,6
46.1,1.35422499999994,0.849609375,0.9,6
46.2,1.36349687499994,0.849609375,0.9,6
46.3,1.44628437499994,0.830078125,0.9,6
46.4,1.47752890624994,0.8251953125,0.9,6
46.5,1.69346093749994,0.771484375,0.9,6
46.6,1.51493984374994,0.8251953125,0.9,6
46.7,1.62059843749994,0.80078125,0.9,6
46.8,1.51020234374994,0.8349609375,0.9,6
46.9,1.52216953124994,0.8349609375,0.9,6
47,1.66278906249994,0.80078125,0.9,6
47.1,1.71780312499994,0.791015625,0.9,6
47.2,1.59082499999994,0.830078125,0.9,6
47.3,1.75072187499994,0.791015625,0.9,6
47.4,1.71563828124994,0.8056640625,0.9,6
47.5,1.67785937499994,0.8203125,0.9,6
47.6,1.83955312499994,0.78125,0.9,6
47.7,1.69599296874994,0.8251953125,0.9,6
47.8,1.76489374999994,0.810546875,0.9,6
47.9,1.87324765624994,0.7861328125,0.9,6
48,1.82068359374994,0.8056640625,0.9,6
48.1,1.80128359374994,0.8154296875,0.9,6
48.2,1.92711796874994,0.7861328125,0.9,6
48.3,1.80103828124994,0.8251953125,0.9,6
48.4,1.85156015624994,0.8154296875,0.9,6
48.5,1.88549999999994,0.810546875,0.9,6
48.6,1.88358046874994,0.8154296875,0.9,6
48.7,1.89914140624994,0.8154296875,0.9,6
48.8,1.84118671874994,0.8349609375,0.9,6
48.9,2.01856406249994,0.791015625,0.9,6
49,1.87320703124994,0.8349609375,0.9,6
49.1,2.01382656249994,0.80078125,0.9,6
49.2,1.99532499999994,0.810546875,0.9,6
49.3,1.91988984374994,0.8349609375,0.9,6
49.4,2.00537265624994,0.8154296875,0.9,6
49.5,1.92903906249994,0.83984375,0.9,6
49.6,2.03200234374994,0.8154296875,0.9,6
49.7,2.04756328124994,0.8154296875,0.9,6
49.8,2.08150312499994,0.810546875,0.9,6
49.9,1.95093124999994,0.849609375,0.9,6
50,1.94182421874994,0.8544921875,0.9,6
50.1,1.96857656249994,0.849609375,0.9,6
50.2,2.08812187499994,0.8203125,0.9,6
50.3,1.93737421874994,0.8642578125,0.9,6
50.4,2.05422421874994,0.8349609375,0.9,6
50.5,1.95591796874994,0.8642578125,0.9,6
50.6,2.07276796874994,0.8349609375,0.9,6
50.7,2.04797734374994,0.8447265625,0.9,6
50.8,2.07652656249994,0.83984375,0.9,6
50.9,2.10597421874994,0.8349609375,0.9,6
51,1.95253124999994,0.87890625,0.9,6
51.1,2.10344374999994,0.83984375,0.9,6
51.2,1.98586015624994,0.8740234375,0.9,6
51.3,1.97226093749994,0.87890625,0.9,6
51.4,2.06803671874994,0.8544921875,0.9,6
51.5,1.94775781249994,0.888671875,0.9,6
51.6,1.96822109374994,0.8837890625,0.9,6
51.7,2.02634062499994,0.869140625,0.9,6
51.8,2.05039765624994,0.8642578125,0.9,6
51.9,2.00183749999994,0.87890625,0.9,6
52,1.84030859374994,0.9228515625,0.9,6
52.1,1.92799843749994,0.8984375,0.9,6
52.2,1.89152812499994,0.908203125,0.9,6
52.3,1.98191328124994,0.8837890625,0.9,6
52.4,1.87462265624994,0.9130859375,0.9,6
52.5,1.98248828124994,0.8837890625,0.9,6
52.6,1.96709218749994,0.888671875,0.9,6
52.7,1.89566093749994,0.908203125,0.9,6
52.8,1.87577265624994,0.9130859375,0.9,6
52.9,1.89174374999994,0.908203125,0.9,6
53,1.90861328124994,0.9033203125,0.9,6
53.1,1.83448671874994,0.9228515625,0.9,6
53.2,1.79352421874994,0.9326171875,0.9,6
53.3,1.76914374999994,0.9375,0.9,6
53.4,1.70710703124994,0.9521484375,0.9,6
53.5,1.78940624999994,0.927734375,0.9,6
53.6,1.94971328124994,0.8837890625,0.9,6
53.7,1.73214921874994,0.9423828125,0.9,6
53.8,1.72435078124994,0.9423828125,0.9,6
53.9,1.73493124999994,0.9375,0.9,6
54,1.76478906249994,0.927734375,0.9,6
54.1,1.64941249999994,0.95703125,0.9,6
54.2,1.63891874999994,0.95703125,0.9,6
54.3,1.64680390624994,0.9521484375,0.9,6
54.4,1.61882968749994,0.95703125,0.9,6
54.5,1.70023046874994,0.9326171875,0.9,6
54.6,1.63909218749994,0.947265625,0.9,6
54.7,1.77742656249994,0.908203125,0.9,6
54.8,1.68402265624994,0.9326171875,0.9,6
54.9,1.62288437499994,0.947265625,0.9,6
55,1.72446093749994,0.91796875,0.9,6
55.1,1.61088124999994,0.947265625,0.9,6
55.2,1.54704765624994,0.9619140625,0.9,6
55.3,1.70106562499994,0.91796875,0.9,6
55.4,1.64262265624994,0.9326171875,0.9,6
55.5,1.52634765624994,0.9619140625,0.9,6
55.6,1.49657656249994,0.966796875,0.9,6
55.7,1.74159062499994,0.8984375,0.9,6
55.8,1.64998359374994,0.9228515625,0.9,6
55.9,1.48036874999994,0.966796875,0.9,6
56,1.48645703124994,0.9619140625,0.9,6
56.1,1.58533828124994,0.9326171875,0.9,6
56.2,1.45068437499994,0.966796875,0.9,6
56.3,1.65894062499994,0.908203125,0.9,6
56.4,1.38174765624994,0.9814453125,0.9,6
56.5,1.47703515624994,0.9521484375,0.9,6
56.6,1.46743984374994,0.9521484375,0.9,6
56.7,1.38432890624994,0.9716796875,0.9,6
56.8,1.49979218749994,0.9375,0.9,6
56.9,1.49289218749994,0.9375,0.9,6
57,1.48599218749994,0.9375,0.9,6
57.1,1.47909218749994,0.9375,0.9,6
57.2,1.41705546874994,0.9521484375,0.9,6
57.3,1.35232343749994,0.966796875,0.9,6
57.4,1.34003281249994,0.966796875,0.9,6
57.5,1.32774218749994,0.966796875,0.9,6
57.6,1.38896718749994,0.947265625,0.9,6
57.7,1.32513359374994,0.9619140625,0.9,6
57.8,1.44239374999994,0.927734375,0.9,6
57.9,1.34539609374994,0.9521484375,0.9,6
58,1.42769531249994,0.927734375,0.9,6
58.1,1.38583437499994,0.9375,0.9,6
58.2,1.30541874999994,0.95703125,0.9,6
58.3,1.31330390624994,0.9521484375,0.9,6
58.4,1.35884531249994,0.9375,0.9,6
58.5,1.29680859374994,0.9521484375,0.9,6
58.6,1.39748671874994,0.9228515625,0.9,6
58.7,1.33814531249994,0.9375,0.9,6
58.8,1.38638203124994,0.9228515625,0.9,6
58.9,1.32704062499994,0.9375,0.9,6
59,1.37527734374994,0.9228515625,0.9,6
59.1,1.49972499999994,0.888671875,0.9,6
59.2,1.44667265624994,0.9033203125,0.9,6
59.3,1.29903046874994,0.9423828125,0.9,6
59.4,1.27285312499994,0.947265625,0.9,6
59.5,1.26415624999994,0.947265625,0.9,6
59.6,1.45762734374994,0.8935546875,0.9,6
59.7,1.27502421874994,0.9423828125,0.9,6
59.8,1.26722578124994,0.9423828125,0.9,6
59.9,1.24104843749994,0.947265625,0.9,6
60,1.30586718749994,0.927734375,0.9,6
60.1,1.28238515624994,0.9326171875,0.9,6
60.2,1.46017265624994,0.8837890625,0.9,6
60.3,1.44477656249994,0.888671875,0.9,6
60.4,1.29982968749994,0.927734375,0.9,6
60.5,1.33148437499994,0.91796875,0.9,6
60.6,1.32817812499994,0.91796875,0.9,6
60.7,1.47190312499994,0.87890625,0.9,6
60.8,1.32875312499994,0.91796875,0.9,6
60.9,1.23355234374994,0.9423828125,0.9,6
61,1.33602734374994,0.9130859375,0.9,6
61.1,1.33361953124994,0.9130859375,0.9,6
61.2,1.38634843749994,0.8984375,0.9,6
61.3,1.44177265624994,0.8837890625,0.9,6
61.4,1.33448203124994,0.9130859375,0.9,6
61.5,1.31369531249994,0.91796875,0.9,6
61.6,1.31038906249994,0.91796875,0.9,6
61.7,1.43573515624994,0.8837890625,0.9,6
61.8,1.45709687499994,0.87890625,0.9,6
61.9,1.40584140624994,0.8935546875,0.9,6
62,1.40702734374994,0.8935546875,0.9,6
62.1,1.31631874999994,0.91796875,0.9,6
62.2,1.36814921874994,0.9033203125,0.9,6
62.3,1.42267499999994,0.888671875,0.9,6
62.4,1.49827499999994,0.869140625,0.9,6
62.5,1.35692187499994,0.908203125,0.9,6
62.6,1.37379140624994,0.9033203125,0.9,6
62.7,1.40993828124994,0.8935546875,0.9,6
62.8,1.42950312499994,0.888671875,0.9,6
62.9,1.57861874999994,0.849609375,0.9,6
63,1.55113281249994,0.859375,0.9,6
63.1,1.55860781249994,0.859375,0.9,6
63.2,1.41905156249994,0.8984375,0.9,6
63.3,1.38258124999994,0.908203125,0.9,6
63.4,1.38107187499994,0.908203125,0.9,6
63.5,1.54497265624994,0.8642578125,0.9,6
63.6,1.51479140624994,0.8740234375,0.9,6
63.7,1.48281328124994,0.8837890625,0.9,6
63.8,1.54093281249994,0.869140625,0.9,6
63.9,1.50985312499994,0.87890625,0.9,6
64,1.62400781249994,0.849609375,0.9,6
64.1,1.41273281249994,0.908203125,0.9,6
64.2,1.50311796874994,0.8837890625,0.9,6
64.3,1.54285859374994,0.8740234375,0.9,6
64.4,1.52925937499994,0.87890625,0.9,6
64.5,1.49638281249994,0.888671875,0.9,6
64.6,1.40657265624994,0.9130859375,0.9,6
64.7,1.49605937499994,0.888671875,0.9,6
64.8,1.55328046874994,0.8740234375,0.9,6
64.9,1.44778671874994,0.9033203125,0.9,6
65,1.42879687499994,0.908203125,0.9,6
65.1,1.55593984374994,0.8740234375,0.9,6
65.2,1.61585624999994,0.859375,0.9,6
65.3,1.49467890624994,0.8935546875,0.9,6
65.4,1.55100156249994,0.87890625,0.9,6
65.5,1.48136718749994,0.8984375,0.9,6
65.6,1.51841249999994,0.888671875,0.9,6
65.7,1.48373906249994,0.8984375,0.9,6
65.8,1.52078437499994,0.888671875,0.9,6
65.9,1.54124765624994,0.8837890625,0.9,6
66,1.59936718749994,0.869140625,0.9,6
66.1,1.54990859374994,0.8837890625,0.9,6
66.2,1.53451249999994,0.888671875,0.9,6
66.3,1.51821796874994,0.8935546875,0.9,6
66.4,1.44588828124994,0.9130859375,0.9,6
66.5,1.46185937499994,0.908203125,0.9,6
66.6,1.49710781249994,0.8984375,0.9,6
66.7,1.46063749999994,0.908203125,0.9,6
66.8,1.42237031249994,0.91796875,0.9,6
66.9,1.52933749999994,0.888671875,0.9,6
67,1.45790624999994,0.908203125,0.9,6
67.1,1.52991249999994,0.888671875,0.9,6
67.2,1.55037578124994,0.8837890625,0.9,6
67.3,1.66363203124994,0.8544921875,0.9,6
67.4,1.50659531249994,0.8984375,0.9,6
67.5,1.39660937499994,0.927734375,0.9,6
67.6,1.53853749999994,0.888671875,0.9,6
67.7,1.43034843749994,0.91796875,0.9,6
67.8,1.48217890624994,0.9033203125,0.9,6
67.9,1.53670468749994,0.888671875,0.9,6
68,1.46527343749994,0.908203125,0.9,6
68.1,1.37186953124994,0.9326171875,0.9,6
68.2,1.51289921874994,0.8935546875,0.9,6
68.3,1.49570624999994,0.8984375,0.9,6
68.4,1.60626718749994,0.869140625,0.9,6
68.5,1.48329296874994,0.9033203125,0.9,6
68.6,1.50106093749994,0.8984375,0.9,6
68.7,1.42783281249994,0.91796875,0.9,6
68.8,1.47966328124994,0.9033203125,0.9,6
68.9,1.57094687499994,0.87890625,0.9,6
69,1.59320703124994,0.8740234375,0.9,6
69.1,1.57960781249994,0.87890625,0.9,6
69.2,1.52835234374994,0.8935546875,0.9,6
69.3,1.41926484374994,0.9228515625,0.9,6
69.4,1.48857578124993,0.9033203125,0.9,6
69.5,1.59823828124994,0.8740234375,0.9,6
69.6,1.52950234374994,0.8935546875,0.9,6
69.7,1.56744609374994,0.8837890625,0.9,6
69.8,1.46015546874994,0.9130859375,0.9,6
69.9,1.56802109374994,0.8837890625,0.9,6
70,1.58938281249994,0.87890625,0.9,6
70.1,1.44623281249994,0.91796875,0.9,6
70.2,1.38778984374994,0.9326171875,0.9,6
70.3,1.43692499999993,0.91796875,0.9,6
70.4,1.52551328124994,0.8935546875,0.9,6
70.5,1.52669921874993,0.8935546875,0.9,6
70.6,1.61977968749993,0.869140625,0.9,6
70.7,1.42328984374993,0.9228515625,0.9,6
70.8,1.43746406249993,0.91796875,0.9,6
70.9,1.41577890624994,0.9228515625,0.9,6
71,1.39319531249993,0.927734375,0.9,6
71.1,1.49836562499993,0.8984375,0.9,6
71.2,1.44351640624993,0.9130859375,0.9,6
71.3,1.42272968749993,0.91796875,0.9,6
71.4,1.36428671874993,0.9326171875,0.9,6
71.5,1.43180078124993,0.9130859375,0.9,6
71.6,1.35587734374993,0.9326171875,0.9,6
71.7,1.44177031249993,0.908203125,0.9,6
71.8,1.47701874999993,0.8984375,0.9,6
71.9,1.40379062499993,0.91796875,0.9,6
72,1.40048437499993,0.91796875,0.9,6
72.1,1.48907265624993,0.8935546875,0.9,6
72.2,1.36160624999993,0.927734375,0.9,6
72.3,1.48515546874993,0.8935546875,0.9,6
72.4,1.37606796874993,0.9228515625,0.9,6
72.5,1.42699999999993,0.908203125,0.9,6
72.6,1.40711171874993,0.9130859375,0.9,6
72.7,1.45984062499993,0.8984375,0.9,6
72.8,1.47850703124993,0.8935546875,0.9,6
72.9,1.47969296874993,0.8935546875,0.9,6
73,1.42574218749993,0.908203125,0.9,6
73.1,1.49774843749993,0.888671875,0.9,6
73.2,1.46307499999993,0.8984375,0.9,6
73.3,1.40822578124993,0.9130859375,0.9,6
73.4,1.33230234374993,0.9326171875,0.9,6
73.5,1.45495312499993,0.8984375,0.9,6
73.6,1.41848281249993,0.908203125,0.9,6
73.7,1.50886796874993,0.8837890625,0.9,6
73.8,1.47509296874993,0.8935546875,0.9,6
73.9,1.58655234374993,0.8642578125,0.9,6
74,1.42771874999993,0.908203125,0.9,6
74.1,1.40783046874993,0.9130859375,0.9,6
74.2,1.49731718749993,0.888671875,0.9,6
74.3,1.38912812499993,0.91796875,0.9,6
74.4,1.45933749999993,0.8984375,0.9,6
74.5,1.36773046874993,0.9228515625,0.9,6
74.6,1.34514687499993,0.927734375,0.9,6
74.7,1.46869609374993,0.8935546875,0.9,6
74.8,1.52501874999993,0.87890625,0.9,6
74.9,1.40024765624993,0.9130859375,0.9,6
75,1.50811328124993,0.8837890625,0.9,6
75.1,1.45595937499993,0.8984375,0.9,6
75.2,1.32759453124993,0.9326171875,0.9,6
75.3,1.37672968749993,0.91796875,0.9,6
75.4,1.52045468749993,0.87890625,0.9,6
75.5,1.57947265624993,0.8642578125,0.9,6
75.6,1.38388124999993,0.91796875,0.9,6
75.7,1.36219609374993,0.9228515625,0.9,6
75.8,1.32123359374993,0.9326171875,0.9,6
75.9,1.40712656249993,0.908203125,0.9,6
76,1.36885937499993,0.91796875,0.9,6
76.1,1.60447890624993,0.8544921875,0.9,6
76.2,1.52095781249993,0.87890625,0.9,6
76.3,1.48808124999993,0.888671875,0.9,6
76.4,1.60043906249993,0.859375,0.9,6
76.5,1.42412499999993,0.908203125,0.9,6
76.6,1.45937343749993,0.8984375,0.9,6
76.7,1.51479765624993,0.8837890625,0.9,6
76.8,1.42588593749993,0.908203125,0.9,6
76.9,1.40599765624993,0.9130859375,0.9,6
77,1.47710546874993,0.8935546875,0.9,6
77.1,1.38639687499993,0.91796875,0.9,6
77.2,1.51174296874993,0.8837890625,0.9,6
77.3,1.56986249999993,0.869140625,0.9,6
77.4,1.57554062499993,0.869140625,0.9,6
77.5,1.47094531249993,0.8984375,0.9,6
77.6,1.37933828124993,0.9228515625,0.9,6
77.7,1.54054374999993,0.87890625,0.9,6
77.8,1.43415156249993,0.908203125,0.9,6
77.9,1.48777890624993,0.8935546875,0.9,6
78,1.52572265624993,0.8837890625,0.9,6
78.1,1.43681093749993,0.908203125,0.9,6
78.2,1.41692265624993,0.9130859375,0.9,6
78.3,1.50640937499993,0.888671875,0.9,6
78.4,1.43497812499993,0.908203125,0.9,6
78.5,1.43346874999993,0.908203125,0.9,6
78.6,1.46871718749993,0.8984375,0.9,6
78.7,1.30359453124993,0.9423828125,0.9,6
78.8,1.44282734374993,0.9033203125,0.9,6
78.9,1.44221640624993,0.9033203125,0.9,6
79,1.57025781249993,0.869140625,0.9,6
79.1,1.48404140624993,0.8935546875,0.9,6
79.2,1.50360624999993,0.888671875,0.9,6
79.3,1.48731171874993,0.8935546875,0.9,6
79.4,1.52525546874993,0.8837890625,0.9,6
79.5,1.54661718749993,0.87890625,0.9,6
79.6,1.51374062499993,0.888671875,0.9,6
79.7,1.40555156249993,0.91796875,0.9,6
79.8,1.49413984374993,0.8935546875,0.9,6
79.9,1.55046249999993,0.87890625,0.9,6
80,1.53596484374993,0.8837890625,0.9,6
